sample	mutation	class
TCGA-05-4244-01	163	LUAD
TCGA-05-4249-01	253	LUAD
TCGA-05-4250-01	270	LUAD
TCGA-05-4382-01	1328	LUAD
TCGA-05-4384-01	100	LUAD
TCGA-05-4389-01	187	LUAD
TCGA-05-4390-01	438	LUAD
TCGA-05-4395-01	197	LUAD
TCGA-05-4396-01	1099	LUAD
TCGA-05-4397-01	628	LUAD
TCGA-05-4403-01	104	LUAD
TCGA-05-4405-01	311	LUAD
TCGA-05-4410-01	876	LUAD
TCGA-05-4415-01	161	LUAD
TCGA-05-4417-01	236	LUAD
TCGA-05-4418-01	214	LUAD
TCGA-05-4420-01	216	LUAD
TCGA-05-4422-01	30	LUAD
TCGA-05-4425-01	34	LUAD
TCGA-05-4427-01	809	LUAD
TCGA-05-4430-01	232	LUAD
TCGA-05-4432-01	446	LUAD
TCGA-05-4433-01	29	LUAD
TCGA-05-5423-01	119	LUAD
TCGA-05-5425-01	455	LUAD
TCGA-05-5428-01	290	LUAD
TCGA-05-5429-01	26	LUAD
TCGA-35-3615-01	88	LUAD
TCGA-35-4122-01	255	LUAD
TCGA-35-4123-01	210	LUAD
TCGA-35-5375-01	326	LUAD
TCGA-38-4625-01	453	LUAD
TCGA-38-4627-01	24	LUAD
TCGA-38-4631-01	563	LUAD
TCGA-38-4632-01	422	LUAD
TCGA-38-6178-01	53	LUAD
TCGA-44-2656-01	632	LUAD
TCGA-44-2657-01	325	LUAD
TCGA-44-2662-01	162	LUAD
TCGA-44-2665-01	37	LUAD
TCGA-44-2666-01	35	LUAD
TCGA-44-2668-01	262	LUAD
TCGA-44-3396-01	157	LUAD
TCGA-44-5643-01	94	LUAD
TCGA-44-5645-01	27	LUAD
TCGA-44-6145-01	251	LUAD
TCGA-44-6146-01	30	LUAD
TCGA-44-6774-01	233	LUAD
TCGA-44-6775-01	51	LUAD
TCGA-44-6776-01	161	LUAD
TCGA-44-6777-01	305	LUAD
TCGA-44-7659-01	118	LUAD
TCGA-44-7661-01	238	LUAD
TCGA-44-7662-01	473	LUAD
TCGA-44-7670-01	853	LUAD
TCGA-44-7671-01	166	LUAD
TCGA-44-7672-01	132	LUAD
TCGA-44-8117-01	573	LUAD
TCGA-44-8119-01	502	LUAD
TCGA-44-8120-01	450	LUAD
TCGA-44-A47A-01	175	LUAD
TCGA-44-A47G-01	65	LUAD
TCGA-44-A4SS-01	384	LUAD
TCGA-44-A4SU-01	119	LUAD
TCGA-49-4486-01	127	LUAD
TCGA-49-4488-01	226	LUAD
TCGA-49-4490-01	46	LUAD
TCGA-49-4494-01	148	LUAD
TCGA-49-4505-01	164	LUAD
TCGA-49-4506-01	92	LUAD
TCGA-49-4507-01	160	LUAD
TCGA-49-4510-01	49	LUAD
TCGA-49-4514-01	250	LUAD
TCGA-49-6744-01	186	LUAD
TCGA-49-6745-01	106	LUAD
TCGA-49-AAQV-01	62	LUAD
TCGA-49-AAR9-01	488	LUAD
TCGA-49-AARE-01	1037	LUAD
TCGA-49-AARN-01	618	LUAD
TCGA-49-AARO-01	462	LUAD
TCGA-49-AARQ-01	551	LUAD
TCGA-4B-A93V-01	111	LUAD
TCGA-50-5044-01	111	LUAD
TCGA-50-5051-01	90	LUAD
TCGA-50-5066-01	230	LUAD
TCGA-50-5068-01	77	LUAD
TCGA-50-5930-01	879	LUAD
TCGA-50-5932-01	57	LUAD
TCGA-50-5933-01	429	LUAD
TCGA-50-5936-01	95	LUAD
TCGA-50-5939-01	62	LUAD
TCGA-50-5941-01	314	LUAD
TCGA-50-5942-01	49	LUAD
TCGA-50-5944-01	47	LUAD
TCGA-50-5946-01	501	LUAD
TCGA-50-6591-01	47	LUAD
TCGA-50-6592-01	225	LUAD
TCGA-50-6593-01	244	LUAD
TCGA-50-6594-01	394	LUAD
TCGA-50-6595-01	84	LUAD
TCGA-50-6673-01	68	LUAD
TCGA-50-7109-01	206	LUAD
TCGA-50-8459-01	65	LUAD
TCGA-50-8460-01	26	LUAD
TCGA-53-7626-01	868	LUAD
TCGA-53-7813-01	112	LUAD
TCGA-53-A4EZ-01	385	LUAD
TCGA-55-1592-01	440	LUAD
TCGA-55-1595-01	252	LUAD
TCGA-55-1596-01	148	LUAD
TCGA-55-6642-01	100	LUAD
TCGA-55-6968-01	400	LUAD
TCGA-55-6969-01	371	LUAD
TCGA-55-6970-01	143	LUAD
TCGA-55-6975-01	69	LUAD
TCGA-55-6979-01	469	LUAD
TCGA-55-6981-01	180	LUAD
TCGA-55-6983-01	89	LUAD
TCGA-55-6984-01	26	LUAD
TCGA-55-7281-01	377	LUAD
TCGA-55-7283-01	180	LUAD
TCGA-55-7284-01	36	LUAD
TCGA-55-7570-01	302	LUAD
TCGA-55-7573-01	41	LUAD
TCGA-55-7576-01	326	LUAD
TCGA-55-7724-01	185	LUAD
TCGA-55-7725-01	92	LUAD
TCGA-55-7726-01	91	LUAD
TCGA-55-7727-01	195	LUAD
TCGA-55-7728-01	74	LUAD
TCGA-55-7815-01	113	LUAD
TCGA-55-7903-01	118	LUAD
TCGA-55-7907-01	900	LUAD
TCGA-55-7910-01	249	LUAD
TCGA-55-7911-01	179	LUAD
TCGA-55-7913-01	271	LUAD
TCGA-55-7914-01	144	LUAD
TCGA-55-7994-01	1180	LUAD
TCGA-55-7995-01	534	LUAD
TCGA-55-8085-01	191	LUAD
TCGA-55-8089-01	949	LUAD
TCGA-55-8090-01	66	LUAD
TCGA-55-8092-01	424	LUAD
TCGA-55-8094-01	338	LUAD
TCGA-55-8096-01	114	LUAD
TCGA-55-8097-01	87	LUAD
TCGA-55-8203-01	344	LUAD
TCGA-55-8205-01	396	LUAD
TCGA-55-8207-01	242	LUAD
TCGA-55-8208-01	279	LUAD
TCGA-55-8299-01	174	LUAD
TCGA-55-8301-01	217	LUAD
TCGA-55-8302-01	525	LUAD
TCGA-55-8505-01	25	LUAD
TCGA-55-8506-01	1278	LUAD
TCGA-55-8508-01	134	LUAD
TCGA-55-8511-01	437	LUAD
TCGA-55-8512-01	31	LUAD
TCGA-55-8514-01	205	LUAD
TCGA-55-8614-01	177	LUAD
TCGA-55-8615-01	87	LUAD
TCGA-55-8616-01	367	LUAD
TCGA-55-8620-01	356	LUAD
TCGA-55-A48X-01	311	LUAD
TCGA-55-A48Y-01	272	LUAD
TCGA-55-A48Z-01	36	LUAD
TCGA-55-A490-01	1007	LUAD
TCGA-55-A491-01	289	LUAD
TCGA-55-A492-01	218	LUAD
TCGA-55-A493-01	204	LUAD
TCGA-55-A494-01	183	LUAD
TCGA-55-A4DG-01	536	LUAD
TCGA-55-A57B-01	34	LUAD
TCGA-62-8394-01	106	LUAD
TCGA-62-8395-01	60	LUAD
TCGA-62-8398-01	65	LUAD
TCGA-62-8399-01	401	LUAD
TCGA-62-8402-01	35	LUAD
TCGA-62-A46R-01	139	LUAD
TCGA-62-A46S-01	96	LUAD
TCGA-62-A46U-01	36	LUAD
TCGA-62-A46V-01	43	LUAD
TCGA-62-A470-01	85	LUAD
TCGA-62-A471-01	79	LUAD
TCGA-62-A472-01	43	LUAD
TCGA-64-1676-01	466	LUAD
TCGA-64-1677-01	173	LUAD
TCGA-64-1679-01	404	LUAD
TCGA-64-1680-01	46	LUAD
TCGA-64-1681-01	63	LUAD
TCGA-64-5774-01	109	LUAD
TCGA-64-5775-01	352	LUAD
TCGA-64-5778-01	367	LUAD
TCGA-64-5815-01	123	LUAD
TCGA-67-3771-01	795	LUAD
TCGA-67-3772-01	50	LUAD
TCGA-67-3773-01	83	LUAD
TCGA-67-3774-01	82	LUAD
TCGA-67-4679-01	211	LUAD
TCGA-67-6215-01	96	LUAD
TCGA-67-6216-01	28	LUAD
TCGA-67-6217-01	153	LUAD
TCGA-69-7765-01	475	LUAD
TCGA-69-7973-01	199	LUAD
TCGA-69-7974-01	412	LUAD
TCGA-69-7978-01	464	LUAD
TCGA-69-7980-01	618	LUAD
TCGA-69-8253-01	117	LUAD
TCGA-69-8254-01	58	LUAD
TCGA-73-4658-01	269	LUAD
TCGA-73-4662-01	176	LUAD
TCGA-73-4666-01	299	LUAD
TCGA-73-4670-01	272	LUAD
TCGA-73-4676-01	69	LUAD
TCGA-73-4677-01	199	LUAD
TCGA-73-7498-01	84	LUAD
TCGA-73-7499-01	60	LUAD
TCGA-73-A9RS-01	715	LUAD
TCGA-75-5126-01	502	LUAD
TCGA-75-5146-01	144	LUAD
TCGA-75-5147-01	33	LUAD
TCGA-75-6206-01	72	LUAD
TCGA-75-6211-01	290	LUAD
TCGA-75-6214-01	562	LUAD
TCGA-75-7027-01	183	LUAD
TCGA-75-7030-01	13	LUAD
TCGA-78-7145-01	156	LUAD
TCGA-78-7146-01	304	LUAD
TCGA-78-7147-01	257	LUAD
TCGA-78-7148-01	186	LUAD
TCGA-78-7149-01	119	LUAD
TCGA-78-7150-01	313	LUAD
TCGA-78-7152-01	157	LUAD
TCGA-78-7153-01	98	LUAD
TCGA-78-7155-01	1202	LUAD
TCGA-78-7158-01	209	LUAD
TCGA-78-7159-01	252	LUAD
TCGA-78-7160-01	39	LUAD
TCGA-78-7161-01	153	LUAD
TCGA-78-7166-01	165	LUAD
TCGA-78-7167-01	85	LUAD
TCGA-78-7220-01	622	LUAD
TCGA-78-7537-01	107	LUAD
TCGA-78-7539-01	373	LUAD
TCGA-78-7540-01	181	LUAD
TCGA-78-7633-01	123	LUAD
TCGA-78-8640-01	551	LUAD
TCGA-78-8655-01	80	LUAD
TCGA-78-8660-01	188	LUAD
TCGA-78-8662-01	872	LUAD
TCGA-80-5607-01	91	LUAD
TCGA-80-5608-01	277	LUAD
TCGA-83-5908-01	177	LUAD
TCGA-86-6851-01	714	LUAD
TCGA-86-7711-01	170	LUAD
TCGA-86-7713-01	125	LUAD
TCGA-86-7714-01	59	LUAD
TCGA-86-7953-01	44	LUAD
TCGA-86-7954-01	163	LUAD
TCGA-86-8054-01	174	LUAD
TCGA-86-8055-01	41	LUAD
TCGA-86-8056-01	233	LUAD
TCGA-86-8074-01	53	LUAD
TCGA-86-8075-01	42	LUAD
TCGA-86-8076-01	59	LUAD
TCGA-86-8278-01	81	LUAD
TCGA-86-8279-01	393	LUAD
TCGA-86-8280-01	42	LUAD
TCGA-86-8281-01	188	LUAD
TCGA-86-8359-01	123	LUAD
TCGA-86-8585-01	454	LUAD
TCGA-86-8668-01	28	LUAD
TCGA-86-8673-01	365	LUAD
TCGA-86-8674-01	218	LUAD
TCGA-86-A456-01	281	LUAD
TCGA-86-A4JF-01	991	LUAD
TCGA-86-A4P7-01	53	LUAD
TCGA-91-6828-01	233	LUAD
TCGA-91-6829-01	494	LUAD
TCGA-91-6830-01	209	LUAD
TCGA-91-6835-01	70	LUAD
TCGA-91-6836-01	384	LUAD
TCGA-91-6840-01	112	LUAD
TCGA-91-6847-01	56	LUAD
TCGA-91-6848-01	485	LUAD
TCGA-91-6849-01	88	LUAD
TCGA-91-A4BD-01	14	LUAD
TCGA-93-7347-01	92	LUAD
TCGA-93-7348-01	90	LUAD
TCGA-93-8067-01	390	LUAD
TCGA-93-A4JN-01	60	LUAD
TCGA-93-A4JO-01	44	LUAD
TCGA-93-A4JP-01	46	LUAD
TCGA-95-7039-01	1020	LUAD
TCGA-95-7043-01	858	LUAD
TCGA-95-7562-01	312	LUAD
TCGA-95-7567-01	707	LUAD
TCGA-95-7944-01	184	LUAD
TCGA-95-7947-01	415	LUAD
TCGA-95-7948-01	124	LUAD
TCGA-95-A4VK-01	193	LUAD
TCGA-95-A4VN-01	356	LUAD
TCGA-95-A4VP-01	99	LUAD
TCGA-97-7546-01	213	LUAD
TCGA-97-7553-01	29	LUAD
TCGA-97-7554-01	357	LUAD
TCGA-97-7937-01	367	LUAD
TCGA-97-7938-01	312	LUAD
TCGA-97-7941-01	71	LUAD
TCGA-97-8171-01	49	LUAD
TCGA-97-8174-01	133	LUAD
TCGA-97-8175-01	23	LUAD
TCGA-97-8176-01	111	LUAD
TCGA-97-8177-01	29	LUAD
TCGA-97-8179-01	124	LUAD
TCGA-97-8547-01	44	LUAD
TCGA-97-A4LX-01	132	LUAD
TCGA-97-A4M0-01	299	LUAD
TCGA-97-A4M1-01	37	LUAD
TCGA-97-A4M3-01	168	LUAD
TCGA-97-A4M5-01	116	LUAD
TCGA-97-A4M7-01	235	LUAD
TCGA-99-8025-01	392	LUAD
TCGA-99-8028-01	335	LUAD
TCGA-99-8032-01	295	LUAD
TCGA-99-8033-01	136	LUAD
TCGA-J2-8194-01	127	LUAD
TCGA-J2-A4AD-01	253	LUAD
TCGA-J2-A4AG-01	66	LUAD
TCGA-L4-A4E5-01	248	LUAD
TCGA-L9-A443-01	195	LUAD
TCGA-L9-A444-01	421	LUAD
TCGA-L9-A50W-01	26	LUAD
TCGA-L9-A5IP-01	221	LUAD
TCGA-L9-A743-01	106	LUAD
TCGA-L9-A7SV-01	1202	LUAD
TCGA-L9-A8F4-01	590	LUAD
TCGA-MN-A4N1-01	351	LUAD
TCGA-MN-A4N4-01	1150	LUAD
TCGA-MN-A4N5-01	337	LUAD
TCGA-MP-A4SV-01	258	LUAD
TCGA-MP-A4SW-01	49	LUAD
TCGA-MP-A4SY-01	140	LUAD
TCGA-MP-A4T4-01	311	LUAD
TCGA-MP-A4T7-01	111	LUAD
TCGA-MP-A4T8-01	91	LUAD
TCGA-MP-A4T9-01	26	LUAD
TCGA-MP-A4TA-01	259	LUAD
TCGA-MP-A4TD-01	59	LUAD
TCGA-MP-A4TE-01	107	LUAD
TCGA-MP-A4TF-01	325	LUAD
TCGA-MP-A4TI-01	181	LUAD
TCGA-MP-A4TK-01	268	LUAD
TCGA-NJ-A4YG-01	116	LUAD
TCGA-NJ-A4YI-01	328	LUAD
TCGA-NJ-A4YP-01	387	LUAD
TCGA-NJ-A4YQ-01	843	LUAD
TCGA-NJ-A55O-01	107	LUAD
TCGA-NJ-A55R-01	191	LUAD
TCGA-05-4398-01	564	LUAD
TCGA-05-4402-01	101	LUAD
TCGA-05-4424-01	581	LUAD
TCGA-05-4426-01	37	LUAD
TCGA-05-4434-01	33	LUAD
TCGA-05-5715-01	88	LUAD
TCGA-38-4626-01	202	LUAD
TCGA-38-4628-01	97	LUAD
TCGA-38-7271-01	69	LUAD
TCGA-38-A44F-01	9	LUAD
TCGA-44-2655-01	141	LUAD
TCGA-44-2659-01	327	LUAD
TCGA-44-3398-01	149	LUAD
TCGA-44-3918-01	752	LUAD
TCGA-44-3919-01	45	LUAD
TCGA-44-4112-01	356	LUAD
TCGA-44-5644-01	770	LUAD
TCGA-44-6148-01	6	LUAD
TCGA-44-6778-01	312	LUAD
TCGA-44-6779-01	79	LUAD
TCGA-44-7660-01	287	LUAD
TCGA-44-7667-01	367	LUAD
TCGA-44-7669-01	351	LUAD
TCGA-44-A479-01	248	LUAD
TCGA-44-A47B-01	33	LUAD
TCGA-49-4487-01	291	LUAD
TCGA-49-4501-01	41	LUAD
TCGA-49-4512-01	32	LUAD
TCGA-49-6742-01	209	LUAD
TCGA-49-6743-01	590	LUAD
TCGA-49-6761-01	229	LUAD
TCGA-49-6767-01	360	LUAD
TCGA-49-AAR0-01	107	LUAD
TCGA-49-AAR2-01	307	LUAD
TCGA-49-AAR3-01	117	LUAD
TCGA-49-AAR4-01	462	LUAD
TCGA-49-AARR-01	2	LUAD
TCGA-50-5045-01	248	LUAD
TCGA-50-5049-01	638	LUAD
TCGA-50-5055-01	19	LUAD
TCGA-50-5072-01	126	LUAD
TCGA-50-5931-01	236	LUAD
TCGA-50-5935-01	81	LUAD
TCGA-50-6590-01	724	LUAD
TCGA-50-6597-01	42	LUAD
TCGA-50-8457-01	41	LUAD
TCGA-53-7624-01	641	LUAD
TCGA-55-1594-01	146	LUAD
TCGA-55-5899-01	340	LUAD
TCGA-55-6543-01	19	LUAD
TCGA-55-6712-01	101	LUAD
TCGA-55-6971-01	173	LUAD
TCGA-55-6972-01	224	LUAD
TCGA-55-6978-01	45	LUAD
TCGA-55-6980-01	26	LUAD
TCGA-55-6982-01	188	LUAD
TCGA-55-6985-01	379	LUAD
TCGA-55-6986-01	19	LUAD
TCGA-55-6987-01	183	LUAD
TCGA-55-7574-01	218	LUAD
TCGA-55-8087-01	28	LUAD
TCGA-55-8091-01	29	LUAD
TCGA-55-8204-01	168	LUAD
TCGA-55-8206-01	22	LUAD
TCGA-55-8507-01	759	LUAD
TCGA-55-8510-01	235	LUAD
TCGA-55-8513-01	6	LUAD
TCGA-55-8619-01	18	LUAD
TCGA-55-8621-01	59	LUAD
TCGA-55-A4DF-01	576	LUAD
TCGA-62-8397-01	18	LUAD
TCGA-62-A46O-01	672	LUAD
TCGA-62-A46P-01	218	LUAD
TCGA-62-A46Y-01	26	LUAD
TCGA-64-5779-01	280	LUAD
TCGA-64-5781-01	860	LUAD
TCGA-69-7760-01	51	LUAD
TCGA-69-7761-01	22	LUAD
TCGA-69-7763-01	56	LUAD
TCGA-69-7764-01	70	LUAD
TCGA-69-7979-01	1120	LUAD
TCGA-69-8255-01	224	LUAD
TCGA-69-A59K-01	371	LUAD
TCGA-71-6725-01	48	LUAD
TCGA-73-4659-01	158	LUAD
TCGA-73-4668-01	399	LUAD
TCGA-73-4675-01	47	LUAD
TCGA-75-5122-01	103	LUAD
TCGA-75-5125-01	136	LUAD
TCGA-75-6203-01	10	LUAD
TCGA-75-6205-01	43	LUAD
TCGA-75-6207-01	52	LUAD
TCGA-75-6212-01	16	LUAD
TCGA-75-7025-01	25	LUAD
TCGA-75-7031-01	155	LUAD
TCGA-78-7154-01	182	LUAD
TCGA-78-7156-01	253	LUAD
TCGA-78-7162-01	67	LUAD
TCGA-78-7163-01	39	LUAD
TCGA-78-7535-01	130	LUAD
TCGA-78-7536-01	505	LUAD
TCGA-78-7542-01	282	LUAD
TCGA-78-8648-01	12	LUAD
TCGA-80-5611-01	166	LUAD
TCGA-86-6562-01	46	LUAD
TCGA-86-7701-01	312	LUAD
TCGA-86-7955-01	238	LUAD
TCGA-86-8073-01	1158	LUAD
TCGA-86-8358-01	811	LUAD
TCGA-86-8669-01	99	LUAD
TCGA-86-8671-01	31	LUAD
TCGA-86-8672-01	219	LUAD
TCGA-86-A4P8-01	0	LUAD
TCGA-91-6831-01	224	LUAD
TCGA-91-7771-01	165	LUAD
TCGA-91-8496-01	24	LUAD
TCGA-91-8497-01	34	LUAD
TCGA-91-8499-01	235	LUAD
TCGA-91-A4BC-01	344	LUAD
TCGA-93-A4JQ-01	95	LUAD
TCGA-95-8039-01	74	LUAD
TCGA-95-8494-01	77	LUAD
TCGA-97-7547-01	137	LUAD
TCGA-97-7552-01	28	LUAD
TCGA-97-8172-01	198	LUAD
TCGA-97-8552-01	17	LUAD
TCGA-97-A4M2-01	25	LUAD
TCGA-97-A4M6-01	23	LUAD
TCGA-99-7458-01	367	LUAD
TCGA-99-AA5R-01	44	LUAD
TCGA-J2-8192-01	57	LUAD
TCGA-J2-A4AE-01	36	LUAD
TCGA-L4-A4E6-01	10	LUAD
TCGA-MP-A4T6-01	52	LUAD
TCGA-MP-A4TC-01	191	LUAD
TCGA-MP-A4TH-01	86	LUAD
TCGA-MP-A4TJ-01	74	LUAD
TCGA-MP-A5C7-01	48	LUAD
TCGA-NJ-A4YF-01	453	LUAD
TCGA-NJ-A55A-01	92	LUAD
TCGA-NJ-A7XG-01	22	LUAD
TCGA-O1-A52J-01	130	LUAD
TCGA-S2-AA1A-01	89	LUAD
TCGA-18-3407-01	260	LUSC
TCGA-18-3408-01	81	LUSC
TCGA-18-3410-01	278	LUSC
TCGA-18-3412-01	191	LUSC
TCGA-18-3414-01	304	LUSC
TCGA-18-3415-01	145	LUSC
TCGA-18-3417-01	211	LUSC
TCGA-18-4083-01	289	LUSC
TCGA-18-5592-01	228	LUSC
TCGA-21-1071-01	148	LUSC
TCGA-21-1075-01	153	LUSC
TCGA-21-1076-01	246	LUSC
TCGA-21-1079-01	1275	LUSC
TCGA-21-1080-01	698	LUSC
TCGA-21-5782-01	293	LUSC
TCGA-21-5783-01	311	LUSC
TCGA-21-5786-01	314	LUSC
TCGA-21-5787-01	314	LUSC
TCGA-22-0940-01	169	LUSC
TCGA-22-0944-01	93	LUSC
TCGA-22-1000-01	78	LUSC
TCGA-22-1016-01	259	LUSC
TCGA-22-4593-01	142	LUSC
TCGA-22-4595-01	240	LUSC
TCGA-22-4599-01	269	LUSC
TCGA-22-4601-01	136	LUSC
TCGA-22-4605-01	78	LUSC
TCGA-22-4607-01	54	LUSC
TCGA-22-4609-01	154	LUSC
TCGA-22-4613-01	485	LUSC
TCGA-22-5471-01	182	LUSC
TCGA-22-5473-01	573	LUSC
TCGA-22-5474-01	68	LUSC
TCGA-22-5477-01	132	LUSC
TCGA-22-5478-01	135	LUSC
TCGA-22-5479-01	409	LUSC
TCGA-22-5480-01	122	LUSC
TCGA-22-5481-01	236	LUSC
TCGA-22-5483-01	186	LUSC
TCGA-22-5491-01	254	LUSC
TCGA-22-5492-01	164	LUSC
TCGA-33-4532-01	293	LUSC
TCGA-33-4538-01	142	LUSC
TCGA-33-4582-01	147	LUSC
TCGA-33-4583-01	435	LUSC
TCGA-33-4586-01	267	LUSC
TCGA-33-4587-01	164	LUSC
TCGA-33-4589-01	84	LUSC
TCGA-33-A4WN-01	152	LUSC
TCGA-33-AAS8-01	185	LUSC
TCGA-33-AASB-01	292	LUSC
TCGA-33-AASD-01	282	LUSC
TCGA-33-AASI-01	312	LUSC
TCGA-33-AASJ-01	142	LUSC
TCGA-33-AASL-01	248	LUSC
TCGA-34-2596-01	184	LUSC
TCGA-34-2600-01	349	LUSC
TCGA-34-2608-01	106	LUSC
TCGA-34-5232-01	150	LUSC
TCGA-34-5240-01	119	LUSC
TCGA-34-5929-01	170	LUSC
TCGA-34-7107-01	196	LUSC
TCGA-34-8454-01	414	LUSC
TCGA-34-8455-01	374	LUSC
TCGA-37-3783-01	284	LUSC
TCGA-37-3792-01	740	LUSC
TCGA-37-4130-01	867	LUSC
TCGA-37-4132-01	245	LUSC
TCGA-37-4133-01	203	LUSC
TCGA-37-4135-01	228	LUSC
TCGA-37-4141-01	269	LUSC
TCGA-37-5819-01	574	LUSC
TCGA-37-A5EN-01	183	LUSC
TCGA-39-5011-01	497	LUSC
TCGA-39-5016-01	270	LUSC
TCGA-39-5021-01	120	LUSC
TCGA-39-5022-01	170	LUSC
TCGA-39-5024-01	157	LUSC
TCGA-39-5028-01	138	LUSC
TCGA-39-5031-01	472	LUSC
TCGA-39-5035-01	125	LUSC
TCGA-39-5036-01	211	LUSC
TCGA-39-5037-01	179	LUSC
TCGA-43-2581-01	724	LUSC
TCGA-43-3920-01	406	LUSC
TCGA-43-5668-01	503	LUSC
TCGA-43-6143-01	246	LUSC
TCGA-43-6647-01	120	LUSC
TCGA-43-6770-01	175	LUSC
TCGA-43-6771-01	155	LUSC
TCGA-43-6773-01	49	LUSC
TCGA-43-7656-01	280	LUSC
TCGA-43-7658-01	159	LUSC
TCGA-43-8115-01	164	LUSC
TCGA-43-8116-01	290	LUSC
TCGA-43-8118-01	482	LUSC
TCGA-43-A475-01	197	LUSC
TCGA-46-3765-01	385	LUSC
TCGA-46-3767-01	206	LUSC
TCGA-46-3768-01	301	LUSC
TCGA-46-3769-01	688	LUSC
TCGA-46-6026-01	159	LUSC
TCGA-51-4079-01	310	LUSC
TCGA-51-4080-01	219	LUSC
TCGA-51-4081-01	162	LUSC
TCGA-52-7622-01	201	LUSC
TCGA-52-7809-01	194	LUSC
TCGA-52-7810-01	310	LUSC
TCGA-52-7811-01	125	LUSC
TCGA-52-7812-01	221	LUSC
TCGA-56-1622-01	162	LUSC
TCGA-56-5897-01	72	LUSC
TCGA-56-5898-01	117	LUSC
TCGA-56-6545-01	237	LUSC
TCGA-56-6546-01	267	LUSC
TCGA-56-7221-01	213	LUSC
TCGA-56-7223-01	217	LUSC
TCGA-56-7579-01	186	LUSC
TCGA-56-7582-01	135	LUSC
TCGA-56-7730-01	300	LUSC
TCGA-56-7731-01	284	LUSC
TCGA-56-7822-01	289	LUSC
TCGA-56-8201-01	131	LUSC
TCGA-56-8304-01	183	LUSC
TCGA-56-8308-01	276	LUSC
TCGA-56-8309-01	117	LUSC
TCGA-56-8503-01	128	LUSC
TCGA-56-8504-01	188	LUSC
TCGA-56-8625-01	345	LUSC
TCGA-56-8629-01	167	LUSC
TCGA-56-A4BW-01	177	LUSC
TCGA-56-A4BY-01	104	LUSC
TCGA-56-A4ZK-01	184	LUSC
TCGA-56-A5DS-01	166	LUSC
TCGA-58-8386-01	193	LUSC
TCGA-58-8387-01	127	LUSC
TCGA-58-8391-01	263	LUSC
TCGA-58-8393-01	221	LUSC
TCGA-58-A46J-01	135	LUSC
TCGA-58-A46K-01	106	LUSC
TCGA-60-2695-01	167	LUSC
TCGA-60-2703-01	245	LUSC
TCGA-60-2704-01	153	LUSC
TCGA-60-2707-01	81	LUSC
TCGA-60-2709-01	122	LUSC
TCGA-60-2710-01	165	LUSC
TCGA-60-2714-01	691	LUSC
TCGA-60-2719-01	165	LUSC
TCGA-60-2720-01	337	LUSC
TCGA-60-2721-01	154	LUSC
TCGA-60-2722-01	233	LUSC
TCGA-60-2724-01	268	LUSC
TCGA-60-2726-01	241	LUSC
TCGA-63-5131-01	250	LUSC
TCGA-63-6202-01	275	LUSC
TCGA-63-7021-01	203	LUSC
TCGA-63-7022-01	138	LUSC
TCGA-63-A5M9-01	83	LUSC
TCGA-63-A5MB-01	268	LUSC
TCGA-63-A5MH-01	177	LUSC
TCGA-63-A5MI-01	163	LUSC
TCGA-63-A5MJ-01	138	LUSC
TCGA-63-A5ML-01	187	LUSC
TCGA-63-A5MM-01	906	LUSC
TCGA-63-A5MR-01	130	LUSC
TCGA-63-A5MU-01	160	LUSC
TCGA-63-A5MY-01	131	LUSC
TCGA-66-2727-01	256	LUSC
TCGA-66-2734-01	434	LUSC
TCGA-66-2742-01	179	LUSC
TCGA-66-2744-01	284	LUSC
TCGA-66-2754-01	283	LUSC
TCGA-66-2755-01	158	LUSC
TCGA-66-2756-01	404	LUSC
TCGA-66-2757-01	191	LUSC
TCGA-66-2758-01	250	LUSC
TCGA-66-2759-01	322	LUSC
TCGA-66-2763-01	304	LUSC
TCGA-66-2766-01	286	LUSC
TCGA-66-2768-01	186	LUSC
TCGA-66-2770-01	175	LUSC
TCGA-66-2773-01	438	LUSC
TCGA-66-2777-01	129	LUSC
TCGA-66-2783-01	178	LUSC
TCGA-66-2785-01	889	LUSC
TCGA-66-2786-01	170	LUSC
TCGA-66-2787-01	459	LUSC
TCGA-66-2791-01	260	LUSC
TCGA-66-2792-01	126	LUSC
TCGA-66-2793-01	244	LUSC
TCGA-66-2794-01	128	LUSC
TCGA-66-2795-01	352	LUSC
TCGA-66-2800-01	146	LUSC
TCGA-68-7756-01	79	LUSC
TCGA-68-7757-01	252	LUSC
TCGA-68-A59J-01	284	LUSC
TCGA-70-6722-01	235	LUSC
TCGA-77-6842-01	308	LUSC
TCGA-77-6843-01	134	LUSC
TCGA-77-6844-01	152	LUSC
TCGA-77-7140-01	143	LUSC
TCGA-77-7141-01	558	LUSC
TCGA-77-7142-01	202	LUSC
TCGA-77-7335-01	177	LUSC
TCGA-77-7337-01	254	LUSC
TCGA-77-7465-01	289	LUSC
TCGA-77-8007-01	72	LUSC
TCGA-77-8008-01	126	LUSC
TCGA-77-8009-01	136	LUSC
TCGA-77-8128-01	232	LUSC
TCGA-77-8131-01	52	LUSC
TCGA-77-8133-01	286	LUSC
TCGA-77-8139-01	170	LUSC
TCGA-77-8140-01	301	LUSC
TCGA-77-8143-01	123	LUSC
TCGA-77-8144-01	305	LUSC
TCGA-77-8145-01	107	LUSC
TCGA-77-8148-01	196	LUSC
TCGA-77-8150-01	93	LUSC
TCGA-77-8153-01	130	LUSC
TCGA-77-8154-01	160	LUSC
TCGA-77-A5G1-01	121	LUSC
TCGA-77-A5G3-01	462	LUSC
TCGA-77-A5G6-01	362	LUSC
TCGA-77-A5G8-01	171	LUSC
TCGA-77-A5GF-01	91	LUSC
TCGA-77-A5GH-01	213	LUSC
TCGA-85-6560-01	341	LUSC
TCGA-85-6561-01	931	LUSC
TCGA-85-6798-01	221	LUSC
TCGA-85-7696-01	167	LUSC
TCGA-85-7698-01	103	LUSC
TCGA-85-7699-01	143	LUSC
TCGA-85-7710-01	157	LUSC
TCGA-85-7844-01	131	LUSC
TCGA-85-7950-01	212	LUSC
TCGA-85-8049-01	163	LUSC
TCGA-85-8052-01	98	LUSC
TCGA-85-8071-01	281	LUSC
TCGA-85-8072-01	151	LUSC
TCGA-85-8277-01	172	LUSC
TCGA-85-8350-01	221	LUSC
TCGA-85-8351-01	108	LUSC
TCGA-85-8352-01	204	LUSC
TCGA-85-8353-01	141	LUSC
TCGA-85-8355-01	168	LUSC
TCGA-85-8580-01	204	LUSC
TCGA-85-8582-01	262	LUSC
TCGA-85-8664-01	164	LUSC
TCGA-85-8666-01	183	LUSC
TCGA-85-A4CL-01	602	LUSC
TCGA-85-A4CN-01	138	LUSC
TCGA-85-A4JC-01	186	LUSC
TCGA-85-A4QQ-01	240	LUSC
TCGA-85-A4QR-01	181	LUSC
TCGA-85-A50M-01	56	LUSC
TCGA-85-A50Z-01	348	LUSC
TCGA-85-A510-01	109	LUSC
TCGA-85-A511-01	149	LUSC
TCGA-85-A512-01	124	LUSC
TCGA-85-A5B5-01	294	LUSC
TCGA-90-7766-01	92	LUSC
TCGA-90-7767-01	91	LUSC
TCGA-90-7769-01	424	LUSC
TCGA-90-A4ED-01	1469	LUSC
TCGA-90-A4EE-01	274	LUSC
TCGA-92-7340-01	332	LUSC
TCGA-92-7341-01	136	LUSC
TCGA-92-8063-01	300	LUSC
TCGA-92-8064-01	164	LUSC
TCGA-92-8065-01	201	LUSC
TCGA-94-7033-01	109	LUSC
TCGA-94-7557-01	72	LUSC
TCGA-94-7943-01	154	LUSC
TCGA-94-8035-01	158	LUSC
TCGA-94-8491-01	416	LUSC
TCGA-94-A4VJ-01	325	LUSC
TCGA-94-A5I6-01	135	LUSC
TCGA-96-7544-01	313	LUSC
TCGA-96-7545-01	93	LUSC
TCGA-96-A4JL-01	46	LUSC
TCGA-98-8020-01	86	LUSC
TCGA-98-8021-01	814	LUSC
TCGA-98-8023-01	148	LUSC
TCGA-98-A538-01	498	LUSC
TCGA-98-A539-01	137	LUSC
TCGA-98-A53B-01	117	LUSC
TCGA-98-A53J-01	85	LUSC
TCGA-J1-A4AH-01	157	LUSC
TCGA-L3-A4E7-01	80	LUSC
TCGA-L3-A524-01	258	LUSC
TCGA-LA-A446-01	264	LUSC
TCGA-NC-A5HD-01	364	LUSC
TCGA-NC-A5HE-01	160	LUSC
TCGA-NC-A5HF-01	190	LUSC
TCGA-NC-A5HG-01	456	LUSC
TCGA-NC-A5HI-01	315	LUSC
TCGA-NC-A5HJ-01	327	LUSC
TCGA-NC-A5HM-01	225	LUSC
TCGA-NC-A5HN-01	452	LUSC
TCGA-NC-A5HP-01	282	LUSC
TCGA-NC-A5HQ-01	264	LUSC
TCGA-NC-A5HT-01	261	LUSC
TCGA-NK-A5CR-01	237	LUSC
TCGA-NK-A5CT-01	258	LUSC
TCGA-NK-A5CX-01	130	LUSC
TCGA-O2-A52N-01	387	LUSC
TCGA-O2-A52Q-01	755	LUSC
TCGA-O2-A52V-01	193	LUSC
TCGA-O2-A52W-01	70	LUSC
TCGA-XC-AA0X-01	141	LUSC
TCGA-18-3406-01	221	LUSC
TCGA-18-3411-01	330	LUSC
TCGA-18-3416-01	492	LUSC
TCGA-18-3421-01	463	LUSC
TCGA-18-4721-01	128	LUSC
TCGA-21-1081-01	166	LUSC
TCGA-21-1082-01	287	LUSC
TCGA-21-5784-01	168	LUSC
TCGA-22-1002-01	184	LUSC
TCGA-22-1005-01	217	LUSC
TCGA-22-1011-01	84	LUSC
TCGA-22-1012-01	195	LUSC
TCGA-22-4591-01	159	LUSC
TCGA-22-4594-01	274	LUSC
TCGA-22-4596-01	112	LUSC
TCGA-22-4604-01	188	LUSC
TCGA-22-5472-01	286	LUSC
TCGA-22-5482-01	129	LUSC
TCGA-22-5485-01	168	LUSC
TCGA-22-5489-01	190	LUSC
TCGA-22-A5C4-01	265	LUSC
TCGA-33-4533-01	225	LUSC
TCGA-33-4547-01	146	LUSC
TCGA-33-4566-01	1007	LUSC
TCGA-33-6738-01	260	LUSC
TCGA-33-A5GW-01	140	LUSC
TCGA-34-5231-01	506	LUSC
TCGA-34-5234-01	138	LUSC
TCGA-34-5236-01	164	LUSC
TCGA-34-5239-01	191	LUSC
TCGA-34-5241-01	145	LUSC
TCGA-34-5927-01	211	LUSC
TCGA-34-5928-01	284	LUSC
TCGA-34-8456-01	30	LUSC
TCGA-34-A5IX-01	211	LUSC
TCGA-37-3789-01	545	LUSC
TCGA-37-4129-01	2	LUSC
TCGA-37-A5EL-01	320	LUSC
TCGA-39-5019-01	137	LUSC
TCGA-39-5029-01	116	LUSC
TCGA-39-5030-01	184	LUSC
TCGA-39-5034-01	447	LUSC
TCGA-39-5039-01	128	LUSC
TCGA-39-5040-01	352	LUSC
TCGA-43-2578-01	259	LUSC
TCGA-43-3394-01	148	LUSC
TCGA-43-5670-01	111	LUSC
TCGA-43-7657-01	102	LUSC
TCGA-43-A474-01	279	LUSC
TCGA-43-A56U-01	197	LUSC
TCGA-43-A56V-01	162	LUSC
TCGA-46-6025-01	154	LUSC
TCGA-56-7222-01	283	LUSC
TCGA-56-7580-01	108	LUSC
TCGA-56-7823-01	210	LUSC
TCGA-56-8082-01	166	LUSC
TCGA-56-8083-01	117	LUSC
TCGA-56-8305-01	292	LUSC
TCGA-56-8307-01	326	LUSC
TCGA-56-8622-01	165	LUSC
TCGA-56-8624-01	93	LUSC
TCGA-56-8626-01	188	LUSC
TCGA-56-8628-01	321	LUSC
TCGA-56-A49D-01	227	LUSC
TCGA-56-A4ZJ-01	85	LUSC
TCGA-56-A62T-01	386	LUSC
TCGA-58-8388-01	131	LUSC
TCGA-58-A46L-01	190	LUSC
TCGA-58-A46M-01	295	LUSC
TCGA-58-A46N-01	148	LUSC
TCGA-60-2697-01	15	LUSC
TCGA-60-2698-01	845	LUSC
TCGA-60-2706-01	12	LUSC
TCGA-60-2708-01	156	LUSC
TCGA-60-2711-01	87	LUSC
TCGA-60-2713-01	186	LUSC
TCGA-60-2716-01	13	LUSC
TCGA-60-2723-01	220	LUSC
TCGA-60-2725-01	118	LUSC
TCGA-63-5128-01	234	LUSC
TCGA-63-7020-01	153	LUSC
TCGA-63-7023-01	110	LUSC
TCGA-63-A5MG-01	83	LUSC
TCGA-63-A5MN-01	29	LUSC
TCGA-63-A5MP-01	140	LUSC
TCGA-63-A5MS-01	313	LUSC
TCGA-63-A5MT-01	179	LUSC
TCGA-63-A5MV-01	90	LUSC
TCGA-63-A5MW-01	367	LUSC
TCGA-66-2765-01	71	LUSC
TCGA-66-2767-01	253	LUSC
TCGA-66-2769-01	287	LUSC
TCGA-66-2771-01	211	LUSC
TCGA-66-2778-01	103	LUSC
TCGA-66-2780-01	104	LUSC
TCGA-66-2781-01	108	LUSC
TCGA-66-2782-01	270	LUSC
TCGA-66-2788-01	164	LUSC
TCGA-66-2789-01	292	LUSC
TCGA-68-7755-01	211	LUSC
TCGA-68-8250-01	238	LUSC
TCGA-68-8251-01	238	LUSC
TCGA-6A-AB49-01	318	LUSC
TCGA-70-6723-01	91	LUSC
TCGA-77-6845-01	198	LUSC
TCGA-77-7139-01	138	LUSC
TCGA-77-7338-01	100	LUSC
TCGA-77-7463-01	314	LUSC
TCGA-77-8130-01	146	LUSC
TCGA-77-8136-01	350	LUSC
TCGA-77-8156-01	164	LUSC
TCGA-77-A5FZ-01	1	LUSC
TCGA-77-A5G7-01	74	LUSC
TCGA-77-A5GB-01	99	LUSC
TCGA-79-5596-01	144	LUSC
TCGA-85-6175-01	29	LUSC
TCGA-85-7697-01	222	LUSC
TCGA-85-7843-01	191	LUSC
TCGA-85-8048-01	106	LUSC
TCGA-85-8070-01	180	LUSC
TCGA-85-8276-01	212	LUSC
TCGA-85-8287-01	207	LUSC
TCGA-85-8288-01	173	LUSC
TCGA-85-8354-01	160	LUSC
TCGA-85-8479-01	84	LUSC
TCGA-85-8481-01	227	LUSC
TCGA-85-8584-01	186	LUSC
TCGA-85-A4JB-01	367	LUSC
TCGA-85-A4PA-01	7	LUSC
TCGA-85-A513-01	21	LUSC
TCGA-85-A53L-01	164	LUSC
TCGA-90-7964-01	378	LUSC
TCGA-90-A59Q-01	211	LUSC
TCGA-94-8490-01	664	LUSC
TCGA-94-A5I4-01	188	LUSC
TCGA-96-8169-01	121	LUSC
TCGA-96-8170-01	202	LUSC
TCGA-98-7454-01	167	LUSC
TCGA-98-8022-01	189	LUSC
TCGA-98-A53A-01	240	LUSC
TCGA-98-A53C-01	2	LUSC
TCGA-98-A53H-01	27	LUSC
TCGA-98-A53I-01	279	LUSC
TCGA-LA-A7SW-01	74	LUSC
TCGA-MF-A522-01	415	LUSC
TCGA-NC-A5HH-01	273	LUSC
TCGA-NC-A5HK-01	220	LUSC
TCGA-NC-A5HL-01	160	LUSC
TCGA-NC-A5HO-01	191	LUSC
TCGA-NC-A5HR-01	254	LUSC
TCGA-NK-A7XE-01	84	LUSC
TCGA-O2-A52S-01	275	LUSC
TCGA-O2-A5IB-01	186	LUSC
